Pallet: "pallet_bags_list", Extrinsic: "rebag_non_terminal", Lowest values: [], Highest values: [], Steps: 50, Repeat: 20
extrinsic_time_ns,storage_root_time_ns,reads,repeat_reads,writes,repeat_writes,proof_size_bytes
49795,1969,0,0,0,0,0
48007,1587,0,0,0,0,0
45951,1462,0,0,0,0,0
45808,1500,0,0,0,0,0
45350,1441,0,0,0,0,0
46365,1500,0,0,0,0,0
45997,1469,0,0,0,0,0
45471,1486,0,0,0,0,0
45826,1500,0,0,0,0,0
45962,1434,0,0,0,0,0
45914,1456,0,0,0,0,0
45856,1473,0,0,0,0,0
45697,1473,0,0,0,0,0
46166,1495,0,0,0,0,0
45893,1495,0,0,0,0,0
45780,1464,0,0,0,0,0
45682,1427,0,0,0,0,0
45969,1531,0,0,0,0,0
46065,1503,0,0,0,0,0
45115,1493,0,0,0,0,0

Raw Storage Info
========
Storage: Staking Bonded (r:1 w:0)
Storage: Staking Ledger (r:1 w:0)
Storage: BagsList ListNodes (r:4 w:4)
Storage: BagsList ListBags (r:1 w:1)

Median Slopes Analysis
========
-- Extrinsic Time --

Model:
Time ~=    45.91
              µs

Reads = 7
Writes = 5

Min Squares Analysis
========
-- Extrinsic Time --

Model:
Time ~=    45.91
              µs

Reads = 7
Writes = 5

Pallet: "pallet_bags_list", Extrinsic: "rebag_terminal", Lowest values: [], Highest values: [], Steps: 50, Repeat: 20
extrinsic_time_ns,storage_root_time_ns,reads,repeat_reads,writes,repeat_writes,proof_size_bytes
48799,1550,0,0,0,0,0
44566,1414,0,0,0,0,0
44252,1466,0,0,0,0,0
43893,1456,0,0,0,0,0
44016,1472,0,0,0,0,0
49135,1453,0,0,0,0,0
44350,1476,0,0,0,0,0
44564,1440,0,0,0,0,0
44352,1394,0,0,0,0,0
44186,1424,0,0,0,0,0
44701,1465,0,0,0,0,0
44523,1431,0,0,0,0,0
45087,1368,0,0,0,0,0
44263,1459,0,0,0,0,0
45673,1533,0,0,0,0,0
44240,1426,0,0,0,0,0
44099,1457,0,0,0,0,0
44477,1414,0,0,0,0,0
44871,1437,0,0,0,0,0
44575,1467,0,0,0,0,0

Raw Storage Info
========
Storage: Staking Bonded (r:1 w:0)
Storage: Staking Ledger (r:1 w:0)
Storage: BagsList ListNodes (r:3 w:3)
Storage: BagsList ListBags (r:2 w:2)

Median Slopes Analysis
========
-- Extrinsic Time --

Model:
Time ~=    44.52
              µs

Reads = 7
Writes = 5

Min Squares Analysis
========
-- Extrinsic Time --

Model:
Time ~=    44.52
              µs

Reads = 7
Writes = 5

Pallet: "pallet_bags_list", Extrinsic: "put_in_front_of", Lowest values: [], Highest values: [], Steps: 50, Repeat: 20
extrinsic_time_ns,storage_root_time_ns,reads,repeat_reads,writes,repeat_writes,proof_size_bytes
55650,1456,0,0,0,0,0
52093,1453,0,0,0,0,0
51380,1464,0,0,0,0,0
52744,1437,0,0,0,0,0
51340,1491,0,0,0,0,0
52038,1340,0,0,0,0,0
52012,1436,0,0,0,0,0
51733,1421,0,0,0,0,0
51903,1433,0,0,0,0,0
51695,1394,0,0,0,0,0
51792,1426,0,0,0,0,0
51413,1436,0,0,0,0,0
51206,1362,0,0,0,0,0
51450,1485,0,0,0,0,0
51612,1349,0,0,0,0,0
51332,1392,0,0,0,0,0
51295,1455,0,0,0,0,0
51946,1411,0,0,0,0,0
52001,1411,0,0,0,0,0
52014,1361,0,0,0,0,0

Raw Storage Info
========
Storage: BagsList ListNodes (r:4 w:4)
Storage: Staking Bonded (r:2 w:0)
Storage: Staking Ledger (r:2 w:0)
Storage: BagsList CounterForListNodes (r:1 w:1)
Storage: BagsList ListBags (r:1 w:1)

Median Slopes Analysis
========
-- Extrinsic Time --

Model:
Time ~=    51.79
              µs

Reads = 10
Writes = 6

Min Squares Analysis
========
-- Extrinsic Time --

Model:
Time ~=    51.79
              µs

Reads = 10
Writes = 6

