Pallet: "pallet_balances", Extrinsic: "transfer", Lowest values: [], Highest values: [], Steps: 50, Repeat: 20
extrinsic_time_ns,storage_root_time_ns,reads,repeat_reads,writes,repeat_writes,proof_size_bytes
39836,1503,0,0,0,0,0
35502,1309,0,0,0,0,0
34864,1372,0,0,0,0,0
34581,1337,0,0,0,0,0
35046,1343,0,0,0,0,0
34883,1412,0,0,0,0,0
34614,1363,0,0,0,0,0
34929,1339,0,0,0,0,0
34622,1396,0,0,0,0,0
34677,1335,0,0,0,0,0
34959,1340,0,0,0,0,0
34263,1361,0,0,0,0,0
34186,1326,0,0,0,0,0
34877,1336,0,0,0,0,0
34712,1319,0,0,0,0,0
34469,1317,0,0,0,0,0
34096,1392,0,0,0,0,0
34656,1340,0,0,0,0,0
34228,1379,0,0,0,0,0
34328,1346,0,0,0,0,0

Raw Storage Info
========
Storage: System Account (r:1 w:1)

Median Slopes Analysis
========
-- Extrinsic Time --

Model:
Time ~=    34.67
              µs

Reads = 1
Writes = 1

Min Squares Analysis
========
-- Extrinsic Time --

Model:
Time ~=    34.67
              µs

Reads = 1
Writes = 1

Pallet: "pallet_balances", Extrinsic: "transfer_keep_alive", Lowest values: [], Highest values: [], Steps: 50, Repeat: 20
extrinsic_time_ns,storage_root_time_ns,reads,repeat_reads,writes,repeat_writes,proof_size_bytes
32575,1503,0,0,0,0,0
27765,1366,0,0,0,0,0
27279,1322,0,0,0,0,0
27182,1303,0,0,0,0,0
26588,1307,0,0,0,0,0
26428,1340,0,0,0,0,0
26462,1318,0,0,0,0,0
26400,1320,0,0,0,0,0
26775,1310,0,0,0,0,0
26696,1361,0,0,0,0,0
26931,1282,0,0,0,0,0
26699,1241,0,0,0,0,0
26814,1314,0,0,0,0,0
26684,1318,0,0,0,0,0
26996,1274,0,0,0,0,0
26531,1257,0,0,0,0,0
27368,1256,0,0,0,0,0
26391,1227,0,0,0,0,0
26767,1269,0,0,0,0,0
27078,1287,0,0,0,0,0

Raw Storage Info
========
Storage: System Account (r:1 w:1)

Median Slopes Analysis
========
-- Extrinsic Time --

Model:
Time ~=    26.77
              µs

Reads = 1
Writes = 1

Min Squares Analysis
========
-- Extrinsic Time --

Model:
Time ~=    26.77
              µs

Reads = 1
Writes = 1

Pallet: "pallet_balances", Extrinsic: "set_balance_creating", Lowest values: [], Highest values: [], Steps: 50, Repeat: 20
extrinsic_time_ns,storage_root_time_ns,reads,repeat_reads,writes,repeat_writes,proof_size_bytes
21800,1521,0,0,0,0,0
24502,1444,0,0,0,0,0
18154,1365,0,0,0,0,0
17568,1366,0,0,0,0,0
17896,1342,0,0,0,0,0
17573,1436,0,0,0,0,0
17122,1401,0,0,0,0,0
17646,1384,0,0,0,0,0
17638,1386,0,0,0,0,0
17476,1401,0,0,0,0,0
17320,1413,0,0,0,0,0
17395,1340,0,0,0,0,0
17325,1481,0,0,0,0,0
17193,1375,0,0,0,0,0
17364,1316,0,0,0,0,0
17392,1332,0,0,0,0,0
17062,1328,0,0,0,0,0
17423,1318,0,0,0,0,0
17098,1318,0,0,0,0,0
17532,1283,0,0,0,0,0

Raw Storage Info
========
Storage: System Account (r:1 w:1)

Median Slopes Analysis
========
-- Extrinsic Time --

Model:
Time ~=    17.47
              µs

Reads = 1
Writes = 1

Min Squares Analysis
========
-- Extrinsic Time --

Model:
Time ~=    17.47
              µs

Reads = 1
Writes = 1

Pallet: "pallet_balances", Extrinsic: "set_balance_killing", Lowest values: [], Highest values: [], Steps: 50, Repeat: 20
extrinsic_time_ns,storage_root_time_ns,reads,repeat_reads,writes,repeat_writes,proof_size_bytes
24693,1498,0,0,0,0,0
21145,1323,0,0,0,0,0
20993,1363,0,0,0,0,0
20379,1414,0,0,0,0,0
20258,1366,0,0,0,0,0
20283,1342,0,0,0,0,0
20064,1343,0,0,0,0,0
20191,1395,0,0,0,0,0
20012,1336,0,0,0,0,0
20278,1329,0,0,0,0,0
20339,1390,0,0,0,0,0
19848,1321,0,0,0,0,0
20127,1289,0,0,0,0,0
20128,1302,0,0,0,0,0
20297,1321,0,0,0,0,0
19988,1322,0,0,0,0,0
20238,1314,0,0,0,0,0
25449,1342,0,0,0,0,0
20507,1271,0,0,0,0,0
20020,1270,0,0,0,0,0

Raw Storage Info
========
Storage: System Account (r:1 w:1)

Median Slopes Analysis
========
-- Extrinsic Time --

Model:
Time ~=    20.27
              µs

Reads = 1
Writes = 1

Min Squares Analysis
========
-- Extrinsic Time --

Model:
Time ~=    20.27
              µs

Reads = 1
Writes = 1

Pallet: "pallet_balances", Extrinsic: "force_transfer", Lowest values: [], Highest values: [], Steps: 50, Repeat: 20
extrinsic_time_ns,storage_root_time_ns,reads,repeat_reads,writes,repeat_writes,proof_size_bytes
41047,1609,0,0,0,0,0
35648,1477,0,0,0,0,0
35725,1430,0,0,0,0,0
34862,1431,0,0,0,0,0
35231,1377,0,0,0,0,0
34951,1402,0,0,0,0,0
34958,1420,0,0,0,0,0
34592,1360,0,0,0,0,0
34679,1420,0,0,0,0,0
34236,1403,0,0,0,0,0
34476,1463,0,0,0,0,0
34329,1430,0,0,0,0,0
34842,1428,0,0,0,0,0
34861,1371,0,0,0,0,0
34676,1379,0,0,0,0,0
34556,1381,0,0,0,0,0
34504,1405,0,0,0,0,0
34991,1379,0,0,0,0,0
35016,1359,0,0,0,0,0
35148,1328,0,0,0,0,0

Raw Storage Info
========
Storage: System Account (r:2 w:2)

Median Slopes Analysis
========
-- Extrinsic Time --

Model:
Time ~=    34.86
              µs

Reads = 2
Writes = 2

Min Squares Analysis
========
-- Extrinsic Time --

Model:
Time ~=    34.86
              µs

Reads = 2
Writes = 2

Pallet: "pallet_balances", Extrinsic: "transfer_all", Lowest values: [], Highest values: [], Steps: 50, Repeat: 20
extrinsic_time_ns,storage_root_time_ns,reads,repeat_reads,writes,repeat_writes,proof_size_bytes
37489,1456,0,0,0,0,0
32819,1418,0,0,0,0,0
32404,1426,0,0,0,0,0
32344,1391,0,0,0,0,0
32188,1358,0,0,0,0,0
34414,1418,0,0,0,0,0
32060,1344,0,0,0,0,0
31746,1408,0,0,0,0,0
32749,1405,0,0,0,0,0
32246,1397,0,0,0,0,0
32406,1419,0,0,0,0,0
32208,1353,0,0,0,0,0
32125,1366,0,0,0,0,0
37590,1476,0,0,0,0,0
32283,1384,0,0,0,0,0
32102,1398,0,0,0,0,0
32052,1352,0,0,0,0,0
31798,1404,0,0,0,0,0
32177,1397,0,0,0,0,0
32232,1438,0,0,0,0,0

Raw Storage Info
========
Storage: System Account (r:1 w:1)

Median Slopes Analysis
========
-- Extrinsic Time --

Model:
Time ~=    32.24
              µs

Reads = 1
Writes = 1

Min Squares Analysis
========
-- Extrinsic Time --

Model:
Time ~=    32.24
              µs

Reads = 1
Writes = 1

Pallet: "pallet_balances", Extrinsic: "force_unreserve", Lowest values: [], Highest values: [], Steps: 50, Repeat: 20
extrinsic_time_ns,storage_root_time_ns,reads,repeat_reads,writes,repeat_writes,proof_size_bytes
19341,1591,0,0,0,0,0
16064,1492,0,0,0,0,0
16033,1423,0,0,0,0,0
16061,1446,0,0,0,0,0
15844,1420,0,0,0,0,0
15792,1463,0,0,0,0,0
15967,1431,0,0,0,0,0
15768,1426,0,0,0,0,0
15522,1360,0,0,0,0,0
16039,1429,0,0,0,0,0
15469,1387,0,0,0,0,0
15821,1379,0,0,0,0,0
15943,1369,0,0,0,0,0
15465,1374,0,0,0,0,0
15403,1369,0,0,0,0,0
15352,1422,0,0,0,0,0
15456,1394,0,0,0,0,0
15668,1361,0,0,0,0,0
15572,1459,0,0,0,0,0
15703,1448,0,0,0,0,0

Raw Storage Info
========
Storage: System Account (r:1 w:1)

Median Slopes Analysis
========
-- Extrinsic Time --

Model:
Time ~=    15.79
              µs

Reads = 1
Writes = 1

Min Squares Analysis
========
-- Extrinsic Time --

Model:
Time ~=    15.79
              µs

Reads = 1
Writes = 1

